Metric,Score
Accuracy,0.8090692124105012
Precision,0.8131841000740679
Recall,0.8090692124105012
F1-score,0.7458870676909363
